,stop_id1,stop_id2,distance,latitude1,longitude1,latitude2,longitude2
0,176,8591413,5.302326083931527,47.351677,8.521957,47.39435,8.484085
1,8502220:0:1,Parent8503100,15.562295153268064,47.39088,8.4347315,47.337337,8.569739
2,8502221:0,8590612,22.143132947356815,47.35743,8.437552,47.372246,8.636214
3,8502221:0,8591286,10.998393483961646,47.35743,8.437552,47.33293,8.534947
4,8502222:0:2,8503100:0:3,11.336783823669954,47.325905,8.468194,47.337337,8.569739
5,8502222:0:3,8503310:0,12.817118576407324,47.325905,8.468194,47.43083,8.558851
6,8502222:0:3,8506638,15.255101501730348,47.325905,8.468194,47.34635,8.604531
7,8502229P,8587654,15.805747023371923,47.38097,8.430339,47.43451,8.567628
8,8502229P,Parent8503147,18.497525358277493,47.38097,8.430339,47.397213,8.596141
9,8502572,Parent8503340,6.971023454134532,47.370293,8.513918,47.429955,8.561798
10,8502950,8502572,8.63154559547911,47.353935,8.437175,47.370293,8.513918
11,8503000:0,8591145,3.268393629561756,47.378178,8.540212,47.37593,8.510891
12,8503000:0:10,8591261,6.201606240455715,47.378178,8.540212,47.359863,8.594523
13,8503000:0:12,8580438,8.19271095416046,47.378178,8.540212,47.453625,8.593257
14,8503000:0:12,8591175,3.0065430273517464,47.378178,8.540212,47.410706,8.5558605
15,8503000:0:14,8573205:0:P,6.018765540927441,47.378178,8.540212,47.45016,8.563747
16,8503000:0:17,8576152,7.499026176843188,47.378178,8.540212,47.45278,8.584858
17,8503000:0:17,8576186,5.4322928958322425,47.378178,8.540212,47.33985,8.581525
18,8503000:0:18,8590826,6.747014028936055,47.378178,8.540212,47.293346,8.559265
19,8503000:0:31,8505333,1.0904601516926107,47.378178,8.540212,47.365444,8.544856
20,8503000:0:33,8591237,0.7471101724322521,47.378178,8.540212,47.38796,8.5391245
21,8503000:0:33AB,8503001:0,5.792453871009295,47.378178,8.540212,47.391483,8.488963
22,8503000:0:33AB,8591212,4.4266903618935585,47.378178,8.540212,47.348118,8.574366
23,8503000:0:34AB,8503006:0:7,2.550213427558271,47.378178,8.540212,47.41153,8.544137
24,8503000:0:34AB,8579434,7.9217335577756876,47.378178,8.540212,47.337715,8.474545
25,8503000:0:4,8573731,7.481903826026189,47.378178,8.540212,47.349396,8.475892
26,8503000:0:4,8590791,8.982134270222575,47.378178,8.540212,47.397606,8.460603
27,8503000:0:41/42,8591043,4.020205100396989,47.378178,8.540212,47.399628,8.507145
28,8503000:0:43/44,8574780,8.01156920680116,47.378178,8.540212,47.358368,8.469505
29,8503000:0:43/44,8580522,2.1992881754076525,47.378178,8.540212,47.390797,8.522398
30,8503000:0:5,8503306:0:1,9.352758885962617,47.378178,8.540212,47.4202,8.619272
31,8503000P,8590692,3.501835160065012,47.378178,8.540212,47.331985,8.543283
32,8503000P,8591327,0.4398690275656296,47.378178,8.540212,47.373947,8.542933
33,8503001:0,8590594,14.586907181347256,47.391483,8.488963,47.404278,8.619713
34,8503001:0,8590772,9.207738120388457,47.391483,8.488963,47.30704,8.5486555
35,8503001P,8591358,1.2076758717307348,47.391483,8.488963,47.407444,8.489968
36,8503003:0:1,8595717,4.540140372669058,47.36661,8.548485,47.31295,8.530051
37,8503003:0:2,8502221P,12.36838843558657,47.36661,8.548485,47.35743,8.437552
38,8503003:0:3,Parent8503054,5.91320854376831,47.36661,8.548485,47.364994,8.495377
39,8503003P,8591068,7.412986239928443,47.36661,8.548485,47.396355,8.48501
40,8503004:0,8590768,9.214328007592668,47.350124,8.561385,47.46149,8.526998
41,8503004:0:2,Parent8503015,4.811916494263894,47.350124,8.561385,47.39304,8.529378
42,8503004:0:3,8591165,8.40868353887087,47.350124,8.561385,47.386967,8.490086
43,8503006:0:2,8503093:0:1,6.186026106030701,47.41153,8.544137,47.337933,8.519631
44,8503006:0:3,8591401,6.281585549757922,47.41153,8.544137,47.365967,8.496895
45,8503006:0:5,8590880,5.738274281735838,47.41153,8.544137,47.418526,8.595467
46,8503006:0:5,8591240,1.7766486046985663,47.41153,8.544137,47.395912,8.532181
47,8503006:0:6,8590750,4.144593145120596,47.41153,8.544137,47.428318,8.579594
48,8503007:0:3,8503087:0:103,5.2449078909676965,47.41875,8.544659,47.357796,8.521967
49,8503007:0:3,8503200:0:2,7.126961306444379,47.41875,8.544659,47.32443,8.5480175
50,8503008:0:1,8590606,15.108352823973242,47.42091,8.508582,47.371815,8.640167
51,8503008P,8503087:0:103,4.987198780315741,47.42091,8.508582,47.357796,8.521967
52,8503009:0:3,8590901,13.370290547582048,47.347443,8.5336,47.41043,8.645889
53,8503009P,8503099,3.4627468640427814,47.347443,8.5336,47.30329,8.525165
54,8503009P,8591197,6.310834304737111,47.347443,8.5336,47.40135,8.4902115
55,8503010:0:2,8591423,5.2464535285796545,47.364098,8.530824,47.40277,8.491631
56,8503011,8591143,4.316934524727941,47.37148,8.523485,47.408936,8.494137
57,8503011,Parent8503054,3.166953652385343,47.37148,8.523485,47.364994,8.495377
58,8503011:0,8590582,9.573916071824124,47.37148,8.523485,47.40015,8.607271
59,8503015:0,8573205:0,5.755572290713431,47.39304,8.529378,47.45016,8.563747
60,8503015:0:1,8503001:0,4.500505237992626,47.39304,8.529378,47.391483,8.488963
61,8503015:0:2,8583870P,10.632772005564693,47.39304,8.529378,47.357174,8.437004
62,8503015:0:2,8591439,4.119802436119386,47.39304,8.529378,47.33844,8.530159
63,8503016:0:1,8590587,9.00423337029469,47.450386,8.5624,47.393055,8.633367
64,8503016:0:3,8590463,10.80354535619731,47.450386,8.5624,47.313595,8.533807
65,8503016:0:3,8591148,3.577207772478458,47.450386,8.5624,47.40394,8.569065
66,8503020:0:1,8503015P,1.4865466930751252,47.385197,8.517125,47.39304,8.529378
67,8503020:0:4,8591124,5.070653097195545,47.385197,8.517125,47.42546,8.553633
68,8503020P,8503128P,11.88605457067146,47.385197,8.517125,47.40008,8.623423
69,8503051:0:19,8503056:0:661,4.552775349718746,47.362766,8.518292,47.360294,8.477428
70,8503051:0:19,8590680,4.1361028612697455,47.362766,8.518292,47.32506,8.54526
71,8503051:0:410,8573242,6.9965684195631646,47.362766,8.518292,47.449844,8.540265
72,8503051:0:410,8595080,11.583494675412261,47.362766,8.518292,47.42263,8.614142
73,8503052,8591155,4.802407206478103,47.3648,8.5075035,47.414444,8.480437
74,8503052,8591275,3.397546986150648,47.3648,8.5075035,47.406326,8.495602
75,8503052:0:1,Parent8573726,5.224229037720911,47.3648,8.5075035,47.326298,8.468499
76,8503053,8590512,9.899274241771604,47.364944,8.503533,47.39758,8.417394
77,8503053,8591307,4.495103516225454,47.364944,8.503533,47.40198,8.53519
78,8503054,8590832,6.193484276251775,47.364994,8.495377,47.410484,8.449033
79,8503054,8591092,6.016361665563918,47.364994,8.495377,47.414284,8.537903
80,8503054,8591108,5.403793549474954,47.364994,8.495377,47.413372,8.5312195
81,8503054,8591110,3.8454763466411364,47.364994,8.495377,47.3884,8.5260725
82,8503054,Parent8502229,7.33945867825416,47.364994,8.495377,47.38097,8.430339
83,8503055:0:1,8576127:0:A,21.59805174514531,47.365925,8.46592,47.383984,8.659553
84,8503055:0:1,8591826,18.051381702354405,47.365925,8.46592,47.357094,8.627968
85,8503055:0:641,8503008P,6.301239271844686,47.365925,8.46592,47.42091,8.508582
86,8503056:0:661,8590824,10.629685693066952,47.360294,8.477428,47.296814,8.56266
87,8503059,8591398,4.544337591962838,47.36635,8.548125,47.39004,8.510585
88,8503074,8590887,8.031170913783248,47.325813,8.63784,47.416862,8.6003
89,8503075,8591317,9.34384845657312,47.33679,8.617018,47.363388,8.535037
90,8503077,8590682,6.444896277455068,47.34731,8.596796,47.32636,8.540669
91,8503078,8590677,5.785503655299198,47.34547,8.593023,47.332108,8.541846
92,8503081,8573726:0:C,4.500231589422525,47.310143,8.507414,47.326298,8.468499
93,8503086:0:1,8590571,10.975041740966345,47.351643,8.526234,47.38884,8.621554
94,8503086:0:1,8591029,8.4293501237998,47.351643,8.526234,47.35062,8.601953
95,8503087,8576265,8.187577701095828,47.357796,8.521967,47.43422,8.469649
96,8503087:0:2,8591074,3.0863062844569455,47.357796,8.521967,47.393764,8.508708
97,8503088:0,8576198,2.2247745949835247,47.377426,8.539169,47.357994,8.554207
98,8503088:0,8590750,5.910989427426584,47.377426,8.539169,47.428318,8.579594
99,8503088:0:22,8591056,5.747139934849913,47.377426,8.539169,47.391106,8.488379
100,8503089:0:1,8591245,5.124558550307493,47.29654,8.535648,47.35873,8.517089
101,8503090:0:1,8591408,5.411288738680832,47.37224,8.531722,47.37983,8.483384
102,8503090:0:101,8590590,11.299441742919244,47.37224,8.531722,47.390537,8.632468
103,8503090:0:101,8590621,5.083160886731165,47.37224,8.531722,47.428093,8.557361
104,8503091:0:12,8503129:0:4,8.650129271390952,47.362614,8.522012,47.412724,8.591928
105,8503091:0:12,8591132,5.299909805293413,47.362614,8.522012,47.380577,8.568042
106,8503093,8590796,9.67380895468172,47.337933,8.519631,47.39485,8.441738
107,8503093,8591378,2.440882685162366,47.337933,8.519631,47.33504,8.54147
108,8503093:0:1,8591243,3.399863205995528,47.337933,8.519631,47.37374,8.501063
109,8503093:0:42,8503006:0:5,6.179077333779248,47.337933,8.519631,47.41153,8.544137
110,8503094,8583870,9.258536817952614,47.333046,8.518562,47.357174,8.437013
111,8503094,8590556,13.620060126496828,47.333046,8.518562,47.40566,8.630609
112,8503096,8591210,1.7626336065485866,47.312275,8.524258,47.328236,8.512696
113,8503096:0:2,8503094:0:1,1.6904924276858648,47.312275,8.524258,47.333046,8.518562
114,8503096:0:2,8503095,0.6326664287925426,47.312275,8.524258,47.31962,8.521518
115,8503096:0:2,8590567,11.717597897656065,47.312275,8.524258,47.39178,8.6147175
116,8503100:0:2,8588737,9.173950139817395,47.337337,8.569739,47.45487,8.59155
117,8503101:0:4,8590742,8.581370785707719,47.319157,8.580636,47.4296,8.561654
118,8503101P,8509649,7.868384536366268,47.319157,8.580636,47.416553,8.555088
119,8503102:0:2,8591048,10.140278624699473,47.305794,8.591523,47.424515,8.548557
120,8503102P,8503000:0:11,7.899223678635759,47.305794,8.591523,47.378178,8.540212
121,8503127:0:1,8591393,11.969878433492882,47.384388,8.658672,47.4019,8.5518
122,8503127P,8590834,25.46092665556726,47.384388,8.658672,47.380093,8.429971
123,8503127P,8591065:0:C,7.029416796630231,47.384388,8.658672,47.397274,8.596131
124,8503128:0:3,8590543,2.0553072779432986,47.40008,8.623423,47.42639,8.618518
125,8503128P,8503202:0:3,10.217495360988975,47.40008,8.623423,47.29598,8.564772
126,8503129:0,Parent8503201,8.959759422223359,47.412724,8.591928,47.307133,8.55516
127,8503129:0:3,8503310:0:3,3.9264528998835253,47.412724,8.591928,47.43083,8.558851
128,8503129:0:4,8503006:0:5,5.320827896783306,47.412724,8.591928,47.41153,8.544137
129,8503141:0,8590686,3.67247657189405,47.32686,8.575965,47.32477,8.543005
130,8503147P,8503512P,19.55945236444702,47.397213,8.596141,47.39888,8.420439
131,8503154,8590906,3.8745496210311132,47.381905,8.667557,47.40806,8.6375885
132,8503200:0,8590781,0.961022693904254,47.32443,8.5480175,47.31236,8.550767
133,8503200:0:1,8573719,12.372902434964047,47.32443,8.5480175,47.35089,8.438325
134,8503201,8576215:0,5.904681153553994,47.307133,8.55516,47.329025,8.606085
135,8503202,8591045,9.898332140223518,47.29598,8.564772,47.39891,8.509525
136,8503202:0:3,8590745,9.791645935128203,47.29598,8.564772,47.42348,8.581965
137,8503202:0:3,8590783,1.8108556144603396,47.29598,8.564772,47.313686,8.553794
138,8503202:0:5,8503499,6.496642449106253,47.29598,8.564772,47.37654,8.544039
139,8503202P,8595406,0.9579432232859718,47.29598,8.564772,47.293755,8.5563
140,8503306:0:1,8503094:0:1,12.99697253729184,47.4202,8.619272,47.333046,8.518562
141,8503306:0:2,8590745,4.160335352467601,47.4202,8.619272,47.42348,8.581965
142,8503306:0:3,8590576,1.8798732330570174,47.4202,8.619272,47.3967,8.613604
143,8503306:0:3,8591404,10.480943626569083,47.4202,8.619272,47.366142,8.532531
144,8503307:0,8591039,13.554324864738831,47.438572,8.626216,47.397594,8.507657
145,8503308:0:3,8503078,7.846937188829436,47.44861,8.583807,47.34547,8.593023
146,8503309:0:1,Parent8503512,17.045826919044966,47.442287,8.570719,47.39888,8.420439
147,8503309:0:1,Parent8587651,3.7214216757110377,47.442287,8.570719,47.40921,8.595548
148,8503310:0,8591111,7.94331635424972,47.43083,8.558851,47.33455,8.529971
149,8503310:0:2,8590628,1.2417694363265448,47.43083,8.558851,47.427013,8.569703
150,8503310:0:2,8591217,7.45981425991503,47.43083,8.558851,47.340534,8.531525
151,8503310:0:2,8591259,6.214422305800081,47.43083,8.558851,47.375416,8.51752
152,8503311:0:2,8503083,7.169644602693983,47.454067,8.532764,47.368088,8.56028
153,8503311:0:3,8595077,9.080963226275097,47.454067,8.532764,47.42457,8.611861
154,8503340:0,8590773,9.078780394040026,47.429955,8.561798,47.31042,8.552707
155,8503340:0,8591381,5.5935528129118515,47.429955,8.561798,47.373425,8.529252
156,8503340:0:1,8576215,9.071776193914753,47.429955,8.561798,47.329025,8.606085
157,8503340:0:1,8576699,11.868196184801267,47.429955,8.561798,47.332916,8.477886
158,8503446,8580434,7.534594647975269,47.379047,8.541577,47.45211,8.58784
159,8503447,8591896,5.479028525962033,47.37103,8.541964,47.392094,8.494856
160,8503499,8503001:0:6,6.233593814034724,47.37654,8.544039,47.391483,8.488963
161,8503499,8503099,5.915186643376664,47.37654,8.544039,47.30329,8.525165
162,8503499,8506549,4.285568619213572,47.37654,8.544039,47.322475,8.532252
163,8503500,8587973,7.749521426066041,47.376858,8.546401,47.305782,8.596635
164,8503509:0:1,8591284,3.126775870879483,47.399178,8.447245,47.39059,8.474725
165,8503509:0:4,8503127:0:3,23.5623206932386,47.399178,8.447245,47.384388,8.658672
166,8503509:0:4,8591319,12.452841973635683,47.399178,8.447245,47.4108,8.558834
167,8503509:0:4,8591418,8.640385968788655,47.399178,8.447245,47.423862,8.523045
168,8503509P,8591119,12.587855571575242,47.399178,8.447245,47.366734,8.558168
169,8503509P,8591303,11.873592942090461,47.399178,8.447245,47.375008,8.552644
170,8503512P,Parent8502229,1.7427080416386913,47.39888,8.420439,47.38097,8.430339
171,8503526:0:4,8576127,21.242036121892735,47.436565,8.472083,47.383984,8.659553
172,8503526P,8590485,11.481811346385495,47.436565,8.472083,47.3092,8.52848
173,8503551,8590901,20.966522022349324,47.35229,8.461699,47.41043,8.645889
174,8503610,8576127:0:B,18.31490646386667,47.36815,8.495377,47.383984,8.659553
175,8503610,8591235,4.609720547949804,47.36815,8.495377,47.405365,8.528246
176,8503653,8503700,10.395711694114688,47.352623,8.553129,47.438717,8.626136
177,8503659,8590674,4.541812484072354,47.30303,8.589305,47.32209,8.550605
178,8503659,8594553,9.958312887674193,47.30303,8.589305,47.432644,8.571554
179,8503674,8590484,4.491787840295563,47.29669,8.56805,47.316566,8.530016
180,8503674,8591255,7.515362855866796,47.29669,8.56805,47.390682,8.545494
181,8503675,8576263,10.50518497365569,47.309772,8.558385,47.421093,8.50153
182,8503675,8591308,6.296297866802905,47.309772,8.558385,47.362747,8.514664
183,8503677,8591065:0:C,7.488175943876102,47.322556,8.551782,47.397274,8.596131
184,8503681,8575014,8.124999436424476,47.34547,8.536654,47.366222,8.465032
185,8503681,8576203,4.021025385607802,47.34547,8.536654,47.340435,8.572614
186,8503682,8587964,1.1912157994975756,47.30823,8.584085,47.307293,8.594767
187,8503690,8576193,6.839934700156116,47.32714,8.489951,47.367092,8.545116
188,8503690,8591135,5.763646942971832,47.32714,8.489951,47.392216,8.517152
189,8503694,8587651:0:C,13.552417061512184,47.31146,8.493346,47.40921,8.595548
190,8503694,8590626,11.433890630240638,47.31146,8.493346,47.425602,8.56107
191,8503696,8591076,7.3305747313717085,47.343296,8.482073,47.404377,8.533331
192,8503698,8590465,9.528730985527057,47.359707,8.447047,47.3096,8.525614
193,8503709,8591330,11.67501686190418,47.368332,8.462005,47.41081,8.562867
194,8505332,8591298,3.343777235731494,47.349865,8.560585,47.38519,8.542413
195,8505333,Parent8503011,2.422138272445121,47.365444,8.544856,47.37148,8.523485
196,8505363,8503526P,16.39906205810929,47.41243,8.618491,47.436565,8.472083
197,8505363,8591114,5.401035906372044,47.41243,8.618491,47.378822,8.575641
198,8506517,8580449,4.096766824119131,47.367683,8.522991,47.411495,8.544793
199,8506517,8591324,2.509564841308827,47.367683,8.522991,47.38866,8.540499
200,8506549,8503579,9.48705404976188,47.322475,8.532252,47.359455,8.450793
201,8506638,8502221P,18.60677928455929,47.34635,8.604531,47.35743,8.437552
202,8506638,8591203,11.96199308059316,47.34635,8.604531,47.37738,8.499149
203,8509649,8591235,3.104655045848338,47.416553,8.555088,47.405365,8.528246
204,8509649,8591833,11.83979128152076,47.416553,8.555088,47.413166,8.448754
205,8510010,8590581,7.144428002177489,47.351776,8.57662,47.391556,8.634876
206,8510010,8591216,5.396482780832068,47.351776,8.57662,47.348003,8.52821
207,8510010,8591317,4.711074565089469,47.351776,8.57662,47.363388,8.535037
208,8510277,8588078,10.0638980365672,47.42006,8.6294775,47.376842,8.54394
209,8530473,8503129:0:3,4.694463838471354,47.38733,8.553417,47.412724,8.591928
210,8530811,8503001:0:5,9.975523276821443,47.354576,8.575021,47.391483,8.488963
211,8530811,8591227,5.846408330239718,47.354576,8.575021,47.374508,8.524266
212,8530812,8573731,9.477452760390346,47.36169,8.560621,47.349396,8.475892
213,8530812,8590463,4.699543604470381,47.36169,8.560621,47.313595,8.533807
214,8530812,8591230,1.117308395974127,47.36169,8.560621,47.3764,8.559391
215,8557033,8591274,5.280816182221517,47.459267,8.490014,47.393036,8.474518
216,8557101,8591078,12.021354956053905,47.39346,8.44834,47.380913,8.555995
217,8572595,8576216,18.36959312518365,47.347126,8.420565,47.3194,8.584508
218,8573164,8590805,14.797232168309788,47.290337,8.559678,47.39782,8.448431
219,8573167,8503011:0:3,7.357171969474075,47.294918,8.564466,47.37148,8.523485
220,8573168,8591235,9.21202823139798,47.295906,8.565122,47.405365,8.528246
221,8573205:0,Parent8503087,8.375227445115256,47.45016,8.563747,47.357796,8.521967
222,8573205:0:D,8573718:0:B,15.584490262856216,47.45016,8.563747,47.35694,8.438801
223,8573205:0:D,8591322,6.417376658189385,47.45016,8.563747,47.381935,8.529261
224,8573205:0:J,8503057:0:1,11.254528320108788,47.45016,8.563747,47.352074,8.487553
225,8573205:0:K,8590905,8.93644091031567,47.45016,8.563747,47.412457,8.639862
226,8573205:0:O,8587654,1.2551440016921809,47.45016,8.563747,47.43451,8.567628
227,8573205:0:P,8590786,13.381513368904994,47.45016,8.563747,47.399433,8.448547
228,8573205:0:Q,8591416,6.790602629318507,47.45016,8.563747,47.398975,8.51354
229,8573205:0:R,8573205:0:P,0.0,47.45016,8.563747,47.45016,8.563747
230,8573205:0:R,8590715,13.469829316457876,47.45016,8.563747,47.343357,8.660721
231,8573205:0:R,Parent8503016,0.15090931626039117,47.45016,8.563747,47.450386,8.5624
232,8573213:0,8590884,3.8686341744995008,47.44478,8.570691,47.4117,8.597273
233,8573213:0:A,8591393,3.8549769805244627,47.44478,8.570691,47.4019,8.5518
234,8573213:0:A,Parent8503201,10.532758993441902,47.44478,8.570691,47.307133,8.55516
235,8573213:0:C,Parent8503007,3.4988254068479954,47.44478,8.570691,47.41875,8.544659
236,8573213P,8591203,9.446660671803492,47.44478,8.570691,47.37738,8.499149
237,8573214,8502471,0.42835266950852713,47.439827,8.572039,47.441128,8.575785
238,8573233,8590846,18.182617135631084,47.457397,8.580214,47.391163,8.423152
239,8573240,8590594,11.150462022160312,47.462353,8.527581,47.404278,8.619713
240,8573241,8506638,11.398175589814425,47.453953,8.532639,47.34635,8.604531
241,8573241,8591283,7.031315876634387,47.453953,8.532639,47.36072,8.531561
242,8573710,8503081,4.988346399621032,47.37143,8.524185,47.310143,8.507414
243,8573711,8591418,5.790537950691811,47.367756,8.48748,47.423862,8.523045
244,8573711,Parent8591065,12.2977923692813,47.367756,8.48748,47.397274,8.596131
245,8573712,8503509:0:3,4.988166661172561,47.342243,8.470107,47.399178,8.447245
246,8573712,8590890,15.861886836175854,47.342243,8.470107,47.410122,8.604989
247,8573713,8574684,3.3053950740978464,47.33187,8.47423,47.36926,8.458725
248,8573713,8590892,15.340552049091901,47.33187,8.47423,47.419914,8.598495
249,8573715,8591825,17.572275138553557,47.30209,8.4859085,47.36113,8.638613
250,8573716,8588738,16.424203287195816,47.298775,8.487417,47.455715,8.589924
251,8573716,8591314,10.102747549417193,47.298775,8.487417,47.408825,8.539277
252,8573718:0,8573205:0:T,15.578887894362252,47.35694,8.438801,47.45016,8.563747
253,8573718:0,8590766,12.445017154221155,47.35694,8.438801,47.451965,8.530285
254,8573718:0:A,8591271,17.22296629376396,47.35694,8.438801,47.39864,8.590921
255,8573718:0:C,8590725,5.369204906129232,47.35694,8.438801,47.405525,8.474087
256,8573718:0:D,8590318,5.180302779954065,47.35694,8.438801,47.391132,8.479171
257,8573718:0:D,8591342,12.044487452876353,47.35694,8.438801,47.426132,8.536348
258,8573718:0:D,8595712,13.063961219194978,47.35694,8.438801,47.452263,8.53687
259,8573725,8591384,11.202967781251118,47.32363,8.439349,47.36787,8.535423
260,8573726,8503128P,18.119977195737697,47.326298,8.468499,47.40008,8.623423
261,8573726:0:A,8590902,20.40173146842709,47.326298,8.468499,47.41032,8.642727
262,8573726:0:B,8591416,7.424905193751946,47.326298,8.468499,47.398975,8.51354
263,8574610,8591263,15.684175619205355,47.375675,8.446571,47.406876,8.585873
264,8574684,8502559,0.5330363415622063,47.36926,8.458725,47.3683,8.463469
265,8574684,8591250,6.590913415210869,47.36926,8.458725,47.41429,8.509489
266,8574898,8591193,9.16998338914422,47.361973,8.465319,47.400272,8.543509
267,8575014,8591230,10.531975573234105,47.366222,8.465032,47.3764,8.559391
268,8576127:0,8591273,12.353328357440493,47.383984,8.659553,47.41096,8.550093
269,8576127:0:F,8591081,14.369897088054447,47.383984,8.659553,47.347034,8.532917
270,8576127P,8591024,7.340821469378635,47.383984,8.659553,47.350113,8.597731
271,8576139,8503009:0,15.272652379960576,47.38525,8.668384,47.347443,8.5336
272,8576155,8503016:0:2,4.55160894523278,47.447685,8.603247,47.450386,8.5624
273,8576155,8590542,3.235242512600453,47.447685,8.603247,47.412933,8.620323
274,8576155,8591438,6.968372288210289,47.447685,8.603247,47.35918,8.585244
275,8576160,Parent8503015,11.63420225400422,47.443584,8.62813,47.39304,8.529378
276,8576161,8591031,6.349753588152742,47.443554,8.629064,47.458447,8.572919
277,8576183,8591446,9.035903981385063,47.342796,8.567323,47.402187,8.496805
278,8576184,8503306P,8.301335620473669,47.337765,8.569775,47.4202,8.619272
279,8576185,8591379,4.747423262275084,47.34075,8.5759735,47.380295,8.542781
280,8576186,8591128,6.29725542532174,47.33985,8.581525,47.418175,8.561744
281,8576187,8503055:0:1,13.158342114218717,47.342976,8.583097,47.365925,8.46592
282,8576188,8573718,16.39813062331066,47.3449,8.585882,47.35694,8.438801
283,8576188,8591421,2.8791837504888864,47.3449,8.585882,47.37324,8.568544
284,8576195,8506549,3.6655920951880137,47.365414,8.547649,47.322475,8.532252
285,8576195,8591169,3.2791063613920026,47.365414,8.547649,47.38031,8.519973
286,8576201,8503201,3.1732508041907694,47.34592,8.5661545,47.307133,8.55516
287,8576201,8591146,7.3603681739991895,47.34592,8.5661545,47.358707,8.500605
288,8576203,8591176,9.366229104506326,47.340435,8.572614,47.39635,8.49747
289,8576203,8591252,8.26179214649722,47.340435,8.572614,47.381237,8.503731
290,8576206,8503015:0,7.256567570233902,47.331753,8.579657,47.39304,8.529378
291,8576206,8503020:0:4,8.042484401836788,47.331753,8.579657,47.385197,8.517125
292,8576206,8590683,4.06702994781285,47.331753,8.579657,47.32969,8.543149
293,8576208,8591390,8.732182315997074,47.326286,8.582307,47.369946,8.509651
294,8576210,8591110,8.441660562416942,47.321365,8.586825,47.3884,8.5260725
295,8576214,8591060,10.425348117453725,47.32779,8.602312,47.3852,8.517107
296,8576215:0,8576183,4.4382368685334495,47.329025,8.606085,47.342796,8.567323
297,8576215:0:C,8590544,6.331690022074528,47.329025,8.606085,47.41214,8.614547
298,8576216,8503094,7.412911732098429,47.3194,8.584508,47.333046,8.518562
299,8576216,8591152,6.840691542605214,47.3194,8.584508,47.404236,8.562615
300,8576216,8591280,9.617291262098876,47.3194,8.584508,47.413956,8.526459
301,8576217,8587974,1.3721734386571707,47.3169,8.585549,47.30279,8.59332
302,8576217,8590692,4.840721694498368,47.3169,8.585549,47.331985,8.543283
303,8576219,8590505,4.973905587804253,47.31384,8.592224,47.35927,8.624618
304,8576219,8590726,15.524080141414967,47.31384,8.592224,47.407337,8.467951
305,8576220,8503000:0:33AB,7.54517333359854,47.31577,8.593204,47.378178,8.540212
306,8576220,8590678,5.756093183097766,47.31577,8.593204,47.317776,8.541514
307,8576221,8573241,12.59913227919917,47.314545,8.595279,47.453953,8.532639
308,8576223,8503096:0:2,6.253418837438238,47.319145,8.58024,47.312275,8.524258
309,8576223,8591378,4.479350085764076,47.319145,8.58024,47.33504,8.54147
310,8576225,8590464,10.610078717105088,47.33611,8.618185,47.311783,8.524311
311,8576226,8576186,4.637033244930696,47.332977,8.622919,47.33985,8.581525
312,8576242,8573213:0,9.958804190021418,47.417385,8.483169,47.44478,8.570691
313,8576243,8573725,8.520715976896216,47.42579,8.471957,47.32363,8.439349
314,8576250,8591245,7.758388215719874,47.443913,8.4780035,47.35873,8.517089
315,8576252,8573714,6.773506439796224,47.449013,8.4710865,47.35962,8.465121
316,8576253,8590744,12.466935301557045,47.448162,8.466469,47.43222,8.577941
317,8576263,8590611,16.104843346045786,47.421093,8.50153,47.37101,8.64217
318,8576264,8595717,10.726977342282437,47.427753,8.473242,47.31295,8.530051
319,8576269,8530473,10.595685452627919,47.43836,8.464726,47.38733,8.553417
320,8576270,8573166,15.973020300629114,47.437508,8.461214,47.29127,8.564898
321,8576271,8590902,22.147927252234407,47.438778,8.444703,47.41032,8.642727
322,8576278,8576217,16.363873521125342,47.444492,8.466694,47.3169,8.585549
323,8576278,8591242,10.042995549354643,47.444492,8.466694,47.392494,8.549761
324,8576279,8588745,13.031628775227245,47.44161,8.465903,47.418808,8.581947
325,8576280,8590771,13.512510897650113,47.438217,8.47017,47.30818,8.5535965
326,8576281,8591077,10.612717266371893,47.452633,8.466074,47.34548,8.52786
327,8576699,8591070,4.4250677896137125,47.332916,8.477886,47.388767,8.490149
328,8576743,8579991,1.4912952662594197,47.32957,8.480079,47.312447,8.473394
329,8576743,8590781,7.9754340978627605,47.32957,8.480079,47.31236,8.550767
330,8579434,8503692,0.022041250000114736,47.337715,8.474545,47.337715,8.474347
331,8579440,8503500,8.197118393048763,47.334076,8.4787035,47.376858,8.546401
332,8579440,8591083,4.263003402179448,47.334076,8.4787035,47.36284,8.511672
333,8579472,8591065:0:A,14.37953626495309,47.34301,8.47229,47.397274,8.596131
334,8579472,8591082,6.674505632737538,47.34301,8.47229,47.351463,8.531974
335,8579472,8591124,10.979649468368729,47.34301,8.47229,47.42546,8.553633
336,8579843,8503147:0,5.318934725929037,47.461956,8.5771055,47.397213,8.596141
337,8579991,8509649,12.00825010672523,47.312447,8.473394,47.416553,8.555088
338,8580301,8576183,8.28864080656197,47.452652,8.56566,47.342796,8.567323
339,8580433,8574739,16.27943923154676,47.45094,8.596482,47.364933,8.462345
340,8580433,8590621,4.682502623328878,47.45094,8.596482,47.428093,8.557361
341,8580434,8503141:0:2,9.542617929769975,47.45211,8.58784,47.32686,8.575965
342,8580434,8591178,10.253317623964682,47.45211,8.58784,47.394165,8.504503
343,8580437,8573724,14.941438104579051,47.451565,8.591029,47.320198,8.490606
344,8580437,8591390,10.951239508749229,47.451565,8.591029,47.369946,8.509651
345,8580438,8591208,11.684211590334433,47.453625,8.593257,47.373615,8.503363
346,8580522,Parent8503009,3.4996618708876537,47.390797,8.522398,47.347443,8.5336
347,8580522,Parent8503051,2.1624706286496003,47.390797,8.522398,47.362766,8.518292
348,8581666,8591165,6.394928259776958,47.3189,8.455788,47.386967,8.490086
349,8582752,8503009:0,9.777711153072717,47.35607,8.44596,47.347443,8.5336
350,8582752,8596126,10.341103164932315,47.35607,8.44596,47.381065,8.537301
351,8583053,8503086:0:2,4.536210079611832,47.323627,8.490175,47.351643,8.526234
352,8583053,8590677,5.787467294924556,47.323627,8.490175,47.332108,8.541846
353,8583755,8576244,8.008282078771433,47.334526,8.436331,47.429077,8.469254
354,8583755,8579440,4.717005334094724,47.334526,8.436331,47.334076,8.4787035
355,8583805,Parent8503008,9.275700325594068,47.317123,8.463729,47.42091,8.508582
356,8583870:0,8503129:0:3,17.746483376231154,47.357174,8.437004,47.412724,8.591928
357,8583870P,8590463,11.266815911988743,47.357174,8.437004,47.313595,8.533807
358,8583870P,8594188,18.624176651233025,47.357174,8.437004,47.41553,8.599581
359,8587347,8590479,2.8202668796335093,47.34273,8.536016,47.319164,8.516353
360,8587348,8594255,1.4329343916670152,47.37724,8.53934,47.392025,8.547434
361,8587420,8594198,3.379782694159873,47.448967,8.583888,47.409294,8.598063
362,8587651:0:B,8591159,1.6385295077917528,47.40921,8.595548,47.401604,8.5817585
363,8587651:0:B,8591366,8.883042615823632,47.40921,8.595548,47.360065,8.523026
364,8587651:0:C,8591227,8.35518115855628,47.40921,8.595548,47.374508,8.524266
365,8587651P,8503129:0,0.48214468036970953,47.40921,8.595548,47.412724,8.591928
366,8587651P,8579434,14.50965586346948,47.40921,8.595548,47.337715,8.474545
367,8587653,8503000:0:32AB,9.427964673223297,47.39973,8.623638,47.378178,8.540212
368,8587653,8595074,2.5948805334956795,47.39973,8.623638,47.42554,8.608196
369,8587655,8503016:0:3AB,4.3925136698468155,47.412724,8.592539,47.450386,8.5624
370,8587655,8591396,2.3497774310460238,47.412724,8.592539,47.383083,8.585999
371,8587655,Parent8503055,14.53011265494943,47.412724,8.592539,47.365925,8.46592
372,8587964,8590753,5.607819592706387,47.307293,8.594767,47.36705,8.624761
373,8587966,8591033,11.92483989017023,47.30379,8.591344,47.392178,8.502491
374,8587968,8588313,9.906695295959773,47.307877,8.609032,47.430233,8.641721
375,8587970,8503004:0,6.107192166357586,47.307083,8.607855,47.350124,8.561385
376,8587977,8590554,7.545489810871129,47.29912,8.602186,47.397,8.6164875
377,8587978,8591336,8.285610851517912,47.307255,8.600102,47.38974,8.550893
378,8587979,8590777,6.234450157591518,47.302357,8.597901,47.307365,8.541999
379,8588314,8503068,7.060164353749474,47.420017,8.6189575,47.328167,8.631067
380,8588739,8588319,6.253816465179373,47.445126,8.576396,47.423847,8.630699
381,8588740,8576219,10.002872526880015,47.444878,8.57875,47.31384,8.592224
382,8588740,8590701,10.114111263245453,47.444878,8.57875,47.3115,8.587525
383,8588740,Parent8503340,2.1963664802073457,47.444878,8.57875,47.429955,8.561798
384,8589106,8503509:0:3,25.07714367115008,47.385178,8.6723175,47.399178,8.447245
385,8589106,8591256,13.652550059175823,47.385178,8.6723175,47.414642,8.551306
386,8590318,8591306,5.528913400345969,47.391132,8.479171,47.38674,8.528749
387,8590461,8591418,6.1289825612568,47.445896,8.470044,47.423862,8.523045
388,8590462,8576161,18.04679092527127,47.452587,8.467062,47.443554,8.629064
389,8590462,8591418,6.596834151570317,47.452587,8.467062,47.423862,8.523045
390,8590463,8581059,5.692905481206872,47.313595,8.533807,47.33842,8.485513
391,8590463,8591160,7.754911825492027,47.313595,8.533807,47.41417,8.518939
392,8590463,8591170,5.3245307262989146,47.313595,8.533807,47.371735,8.506651
393,8590463,8591244,6.147225706731571,47.313595,8.533807,47.39354,8.544784
394,8590464,8591109,4.533107642770407,47.311783,8.524311,47.354515,8.55295
395,8590464,Parent8503306,13.357776776894418,47.311783,8.524311,47.4202,8.619272
396,8590464:0:B,8591383,7.9943010584098175,47.311783,8.524311,47.41662,8.535486
397,8590465,8573213:0:B,11.346925995985677,47.3096,8.525614,47.44478,8.570691
398,8590466,8503102:0:2,8.252920807734368,47.316402,8.5177355,47.305794,8.591523
399,8590467,8579453,6.132925507105922,47.3011,8.522101,47.341667,8.474356
400,8590467,8582752,9.435389391313713,47.3011,8.522101,47.35607,8.44596
401,8590474,8591261,8.238452968778061,47.31308,8.527644,47.359863,8.594523
402,8590476,8503512:0,14.047343962905854,47.31879,8.53439,47.39888,8.420439
403,8590482,8591146,5.325054307457188,47.308796,8.534445,47.358707,8.500605
404,8590484,8503659,6.678647485199009,47.316566,8.530016,47.30303,8.589305
405,8590507,8502220:0,21.823895995047952,47.421707,8.629665,47.39088,8.4347315
406,8590507,8503340:0:2,7.580406848301604,47.421707,8.629665,47.429955,8.561798
407,8590507,8587964,9.469723843855341,47.421707,8.629665,47.307293,8.594767
408,8590508,8591086,11.249104283912304,47.41881,8.631364,47.407536,8.5306
409,8590508,8591353,14.18201930263478,47.41881,8.631364,47.39973,8.504621
410,8590512,8591407,10.708950429721702,47.39758,8.417394,47.424587,8.511843
411,8590517,8591230,16.526358816779357,47.39826,8.411672,47.3764,8.559391
412,8590542,8503000:0:17,9.294772408036938,47.412933,8.620323,47.378178,8.540212
413,8590543,8590711,7.558334094877793,47.42639,8.618518,47.32815,8.631795
414,8590544,8576127:0:B,5.440973772383203,47.41214,8.614547,47.383984,8.659553
415,8590545,8591320,15.85234030252866,47.41425,8.621949,47.409927,8.479575
416,8590548,8503009P,10.863095595386943,47.400738,8.624258,47.347443,8.5336
417,8590548,8503129:0:4,3.71049342203823,47.400738,8.624258,47.412724,8.591928
418,8590548,8591386,8.560010490000838,47.400738,8.624258,47.393578,8.547515
419,8590549,8590678,11.879980536426489,47.394817,8.63458,47.317776,8.541514
420,8590549,8591256,9.389536352893044,47.394817,8.63458,47.414642,8.551306
421,8590552,8590901,4.341926744327973,47.395966,8.608133,47.41043,8.645889
422,8590554,8573164,10.239887333823278,47.397,8.6164875,47.290337,8.559678
423,8590554,8590576,0.32178467578340647,47.397,8.6164875,47.3967,8.613604
424,8590554,8591032,8.206295502155491,47.397,8.6164875,47.44412,8.550013
425,8590555,8588737,6.123470145036702,47.39488,8.628705,47.45487,8.59155
426,8590555,8594188,3.5959151158542304,47.39488,8.628705,47.41553,8.599581
427,8590556,8503000:0:3,10.273967671683158,47.40566,8.630609,47.378178,8.540212
428,8590556,8503006:0:8,9.636166748639056,47.40566,8.630609,47.41153,8.544137
429,8590556,8590772,11.77470006381945,47.40566,8.630609,47.30704,8.5486555
430,8590557,8576271,18.767838431244954,47.40187,8.611439,47.438778,8.444703
431,8590558,Parent8503526,17.480577884788886,47.40238,8.627402,47.436565,8.472083
432,8590561,8502876,19.416700236319073,47.40215,8.607657,47.338207,8.438702
433,8590561,8503010:0:2,9.021416337721691,47.40215,8.607657,47.364098,8.530824
434,8590561,8591137,5.7917249782074265,47.40215,8.607657,47.3628,8.562975
435,8590563,8503200,9.203094667259991,47.39129,8.617161,47.32443,8.5480175
436,8590563,8590555,1.31323879094049,47.39129,8.617161,47.39488,8.628705
437,8590565,8576185,9.378375050443811,47.394295,8.652007,47.34075,8.5759735
438,8590565,8576280,20.510368296056825,47.394295,8.652007,47.438217,8.47017
439,8590565,Parent8503006,12.078017055468088,47.394295,8.652007,47.41153,8.544137
440,8590566,8596005,3.7233778735597594,47.396004,8.599958,47.360893,8.623476
441,8590568,8591219,9.870577238998768,47.401554,8.617583,47.378468,8.530303
442,8590577,8579495,16.76526263400116,47.399925,8.616317,47.344315,8.470502
443,8590580,8503087:0:2,10.957959078020997,47.396168,8.61691,47.357796,8.521967
444,8590586,8505363,1.3064077250805433,47.396515,8.623153,47.41243,8.618491
445,8590586,8595710,10.464036799607372,47.396515,8.623153,47.44826,8.535909
446,8590590,8503057:0:681,16.39059086236632,47.390537,8.632468,47.352074,8.487553
447,8590590,8503307:0,3.683114155987601,47.390537,8.632468,47.438572,8.626216
448,8590596,8503094,12.997768069505659,47.35477,8.634391,47.333046,8.518562
449,8590606,Parent8503102,7.359218239004351,47.371815,8.640167,47.305794,8.591523
450,8590607,8573205:0:K,10.563123343907616,47.37612,8.644353,47.45016,8.563747
451,8590609,8591263,7.202461650503933,47.36851,8.645135,47.406876,8.585873
452,8590619,8573205P,16.508671408188043,47.39871,8.419586,47.45016,8.563747
453,8590619,8576208,18.92038016915152,47.39871,8.419586,47.326286,8.582307
454,8590619,8591115,17.96246204158178,47.39871,8.419586,47.360344,8.578839
455,8590619,8591368,13.214410738284407,47.39871,8.419586,47.379875,8.537606
456,8590622,8557033,8.502334100097134,47.42855,8.563514,47.459267,8.490014
457,8590626,8591142,6.0211032537044495,47.425602,8.56107,47.35097,8.5802765
458,8590629,8502075,1.5691055238428309,47.43054,8.561115,47.451023,8.563729
459,8590631,8591360,6.661448136054324,47.433376,8.565751,47.35575,8.594308
460,8590635,8530822,6.452929193211072,47.38485,8.600048,47.373016,8.542637
461,8590669,8590878,15.862274633414412,47.325867,8.594011,47.43671,8.472837
462,8590670,8591273,6.938802940225806,47.319893,8.5407505,47.41096,8.550093
463,8590671,8503128:0:3,10.596717755857679,47.31877,8.545754,47.40008,8.623423
464,8590671,8591153,8.729785004182645,47.31877,8.545754,47.421963,8.510046
465,8590674,8590538,10.397904342328212,47.32209,8.550605,47.412067,8.621437
466,8590674,8591369,4.18300512373175,47.32209,8.550605,47.37227,8.53457
467,8590678,8591446,8.075932799751195,47.317776,8.541514,47.402187,8.496805
468,8590679,8503090:0:201,3.8310923626368454,47.32171,8.535378,47.37224,8.531722
469,8590681,8503610,7.225348666497697,47.319073,8.5511265,47.36815,8.495377
470,8590681,8574898,10.084920263511451,47.319073,8.5511265,47.361973,8.465319
471,8590685,8590463,1.5635372229369204,47.32711,8.544452,47.313595,8.533807
472,8590685,8591320,9.543790634700242,47.32711,8.544452,47.409927,8.479575
473,8590688,8503011,5.006083164807884,47.317307,8.549491,47.37148,8.523485
474,8590689,8573242,9.67836132202293,47.32176,8.547802,47.449844,8.540265
475,8590690,8594250,9.836888195436913,47.32168,8.545233,47.35836,8.630034
476,8590694,8591112,5.855102498130917,47.444572,8.5954485,47.407402,8.549257
477,8590697,8503052:0:1,10.249019939415078,47.44606,8.581309,47.3648,8.5075035
478,8590701,8503147:0:1,6.529596641574692,47.3115,8.587525,47.397213,8.596141
479,8590703,8591289,9.621474295584141,47.31314,8.588801,47.416702,8.538208
480,8590704,Parent8503090,7.16545976201909,47.316593,8.583905,47.37224,8.531722
481,8590711,8576219,4.535487204809485,47.32815,8.631795,47.31384,8.592224
482,8590725,8591344,3.3609644323405505,47.405525,8.474087,47.372276,8.4942
483,8590727,8591124,10.623147230535677,47.410484,8.458743,47.42546,8.553633
484,8590740,8591130,12.10291985894418,47.42468,8.577528,47.39267,8.470987
485,8590741,8587651:0:A,2.5587996290810913,47.425037,8.57521,47.40921,8.595548
486,8590742,8591365,6.957315538729921,47.4296,8.561654,47.35797,8.522264
487,8590743,8591241,7.5540183649933175,47.434498,8.571689,47.350983,8.534228
488,8590743,8591294,2.3259068764931095,47.434498,8.571689,47.417587,8.554207
489,8590746,8591203,9.829645218555616,47.424923,8.581372,47.37738,8.499149
490,8590747,8503011:0:2,7.462667222310142,47.42677,8.579091,47.37148,8.523485
491,8590747,8590484,9.950682887132318,47.42677,8.579091,47.316566,8.530016
492,8590748,8583053,12.241580099924683,47.42804,8.574339,47.323627,8.490175
493,8590754,8503008:0:1,4.705617488517856,47.434494,8.467322,47.42091,8.508582
494,8590755,8573711,6.423451043642725,47.43984,8.456722,47.367756,8.48748
495,8590757,8590782,13.98305266036931,47.44612,8.462373,47.30811,8.546167
496,8590758,8503007,9.397695947188822,47.44458,8.462067,47.41875,8.544659
497,8590758,8503691,8.875045333885792,47.44458,8.462067,47.333763,8.488819
498,8590758,8591367,9.546428172499397,47.44458,8.462067,47.376095,8.534202
499,8590759,8580434,14.075030475648651,47.439713,8.46168,47.45211,8.58784
500,8590759,8591085,9.447753794795522,47.439713,8.46168,47.427402,8.546141
501,8590759,8591393,10.428829759211895,47.439713,8.46168,47.4019,8.5518
502,8590760,8503009:0:3,9.429891267231985,47.43022,8.470116,47.347443,8.5336
503,8590766,8576252,6.593689970807015,47.451965,8.530285,47.449013,8.4710865
504,8590766,8591178,5.216231778327217,47.451965,8.530285,47.394165,8.504503
505,8590766,Parent8503096,10.564404792419142,47.451965,8.530285,47.312275,8.524258
506,8590768,8590896,8.545710635045925,47.46149,8.526998,47.423668,8.599375
507,8590772,8591175,7.850667582085752,47.30704,8.5486555,47.410706,8.5558605
508,8590772,8591371,9.607612852278574,47.30704,8.5486555,47.40511,8.49349
509,8590773,8503010P,4.72390343698175,47.31042,8.552707,47.364098,8.530824
510,8590777,8590897,10.537408301431096,47.307365,8.541999,47.410976,8.605591
511,8590777,8591236,6.528802822335578,47.307365,8.541999,47.377804,8.507873
512,8590780,8590699,11.86221465696696,47.300373,8.550371,47.45126,8.581103
513,8590781,8503000:0:32,5.098637363017605,47.31236,8.550767,47.378178,8.540212
514,8590786,8591043,6.523113353773722,47.399433,8.448547,47.399628,8.507145
515,8590787,8591123,11.166948414256794,47.401093,8.449222,47.37729,8.548233
516,8590791,8503054:0:1,4.585972586418239,47.397606,8.460603,47.364994,8.495377
517,8590794,8589106,26.000735171834133,47.39638,8.438872,47.385178,8.6723175
518,8590798,8591261,17.556150314579416,47.400406,8.439223,47.359863,8.594523
519,8590799,8590566,16.280928276409977,47.400806,8.45374,47.396004,8.599958
520,8590806,8503129:0,7.113933738881063,47.3805,8.651998,47.412724,8.591928
521,8590806,8591306,13.728068371158328,47.3805,8.651998,47.38674,8.528749
522,8590822,8590818,0.8925248798097432,47.29816,8.561115,47.29194,8.567933
523,8590826,8591831,7.958151637252082,47.293346,8.559265,47.382008,8.598081
524,8590832,8591049,13.346239352204426,47.410484,8.449033,47.41709,8.568841
525,8590833,8591147,17.097244863038412,47.412235,8.4531555,47.361343,8.602824
526,8590834,8573718P,2.0036660646020015,47.380093,8.429971,47.35694,8.438801
527,8590834,8588736,18.38001641675194,47.380093,8.429971,47.454834,8.587157
528,8590837,8573205:0:D,15.74151587042749,47.392025,8.427913,47.45016,8.563747
529,8590837,8591432,19.004927460495626,47.392025,8.427913,47.355213,8.596806
530,8590844,8590505,22.490476488258214,47.377804,8.422973,47.35927,8.624618
531,8590844,8591132,16.150353138678124,47.377804,8.422973,47.380577,8.568042
532,8590844,8591367,12.382620690860461,47.377804,8.422973,47.376095,8.534202
533,8590845,8503526:0:4,6.300114740693489,47.389404,8.425335,47.436565,8.472083
534,8590845,8590610,23.112194891342234,47.389404,8.425335,47.368626,8.632478
535,8590847,8583870:0,2.427852261468988,47.38126,8.422532,47.357174,8.437004
536,8590849,8583870:0:D,2.2580860221349672,47.38226,8.425928,47.357174,8.437004
537,8590878,8591094,11.11625915934277,47.43671,8.472837,47.35934,8.557837
538,8590880,8503087:0:2,9.37645224153338,47.418526,8.595467,47.357796,8.521967
539,8590881,8503141P,6.651820508777763,47.41395,8.585235,47.32686,8.575965
540,8590883,8590559,5.664403981014063,47.421585,8.6003895,47.39307,8.64747
541,8590883,8590818,10.434207007322188,47.421585,8.6003895,47.29194,8.567933
542,8590883,8595712,7.438492437912238,47.421585,8.6003895,47.452263,8.53687
543,8590884,8503308P,3.1571504353430164,47.4117,8.597273,47.44861,8.583807
544,8590884,8573164,10.074086776321218,47.4117,8.597273,47.290337,8.559678
545,8590886,8503067,5.480349639632136,47.41637,8.591021,47.346046,8.603399
546,8590886,8591266,7.223706862181669,47.41637,8.591021,47.40785,8.526386
547,8590888,8503311:0:3,7.285344211446915,47.417847,8.593454,47.454067,8.532764
548,8590888,8503657,7.648174021039855,47.417847,8.593454,47.318996,8.5783
549,8590889,8595078,4.619273970634188,47.416496,8.579073,47.430798,8.619425
550,8590890,8503056:0:662,14.688709004757461,47.410122,8.604989,47.360294,8.477428
551,8590892,8590907,4.6144152499992,47.419914,8.598495,47.407646,8.639107
552,8590895,8503512:0,19.776080868197592,47.41235,8.5978565,47.39888,8.420439
553,8590896,8576243,14.185001257298916,47.423668,8.599375,47.42579,8.471957
554,8590896,8590634,4.090331841248182,47.423668,8.599375,47.424313,8.5626335
555,8590898,8573213:0,4.61827536682736,47.414772,8.606875,47.44478,8.570691
556,8590898,8591362,6.8665442487313015,47.414772,8.606875,47.385914,8.548368
557,8590899,8503001P,11.472239080335008,47.41418,8.590868,47.391483,8.488963
558,8590899,8590690,8.63307243226201,47.41418,8.590868,47.32168,8.545233
559,8590899,8595713,7.559531558581118,47.41418,8.590868,47.448837,8.527132
560,8590901,8591155,18.420506566318945,47.41043,8.645889,47.414444,8.480437
561,8590901,8591289,11.996295637416637,47.41043,8.645889,47.416702,8.538208
562,8590902,8573213:0,8.428229544529055,47.41032,8.642727,47.44478,8.570691
563,8590902,8590780,13.21328871323801,47.41032,8.642727,47.300373,8.550371
564,8590904,8596006,23.140807930040715,47.409615,8.6428175,47.400234,8.435037
565,8590905,8591050,7.536285981023162,47.412457,8.639862,47.41334,8.572165
566,8590914,8503000:0:13,12.780932485590732,47.41835,8.428668,47.378178,8.540212
567,8591024,8590748,6.420402622659334,47.350113,8.597731,47.42804,8.574339
568,8591029,8591831,2.4048194394936484,47.35062,8.601953,47.382008,8.598081
569,8591031,8503307:0:2,6.118809754586289,47.458447,8.572919,47.438572,8.626216
570,8591031,8591432,8.226824650861367,47.458447,8.572919,47.355213,8.596806
571,8591034,8574898,4.77855701566518,47.351994,8.50771,47.361973,8.465319
572,8591034,8591444,6.593632022276297,47.351994,8.50771,47.37873,8.564107
573,8591035,8503008:0:2,3.4610183596481865,47.379818,8.494667,47.42091,8.508582
574,8591035,8588736,11.742639425567257,47.379818,8.494667,47.454834,8.587157
575,8591035,8588737,12.174943913814216,47.379818,8.494667,47.45487,8.59155
576,8591036,8595078,15.5785363752621,47.374382,8.484785,47.430798,8.619425
577,8591038,Parent8503200,5.831706735623156,47.378212,8.510396,47.32443,8.5480175
578,8591040,8591281,8.995208938463064,47.355305,8.561412,47.426186,8.496374
579,8591045,8503000:0:33,3.756565301586357,47.39891,8.509525,47.378178,8.540212
580,8591045,8590838,9.683130499823644,47.39891,8.509525,47.370426,8.424706
581,8591046,8590508,14.516493233099434,47.424984,8.501027,47.41881,8.631364
582,8591050,8573213:0:A,2.3726532922873163,47.41334,8.572165,47.44478,8.570691
583,8591056,8503091:0:12,4.316610094078792,47.391106,8.488379,47.362614,8.522012
584,8591056,8580437,12.299895188896484,47.391106,8.488379,47.451565,8.591029
585,8591056,8591418,4.580186763953929,47.391106,8.488379,47.423862,8.523045
586,8591057,8576127:0:D,18.894834263607436,47.392067,8.489906,47.383984,8.659553
587,8591057,8591146,2.7833213707728244,47.392067,8.489906,47.358707,8.500605
588,8591057,Parent8503015,4.3946128699782925,47.392067,8.489906,47.39304,8.529378
589,8591059,8503088P,1.3719035883303587,47.364555,8.530456,47.377426,8.539169
590,8591059,8503578,8.264852728882506,47.364555,8.530456,47.360096,8.456273
591,8591060,8503053:0:1,2.1484643479560046,47.3852,8.517107,47.364944,8.503533
592,8591063,8574898,9.764952829529514,47.413338,8.545844,47.361973,8.465319
593,8591064,8591105,1.0254718175297282,47.37067,8.53201,47.36654,8.540787
594,8591065:0,8590606,5.264420029080765,47.397274,8.596131,47.371815,8.640167
595,8591065:0:C,8590691,8.306854243627459,47.397274,8.596131,47.324112,8.540373
596,8591067,8503010,1.3265223249783742,47.376225,8.539457,47.364098,8.530824
597,8591070,8503512:0:1,7.797403438724439,47.388767,8.490149,47.39888,8.420439
598,8591070,8590680,7.793948790918228,47.388767,8.490149,47.32506,8.54526
599,8591076,8591305,5.937241068589593,47.404377,8.533331,47.400223,8.586592
600,8591079,8591147,8.655198444484213,47.37417,8.52556,47.361343,8.602824
601,8591080,8590464,2.924186185378092,47.347588,8.534346,47.311783,8.524311
602,8591081,8594250,10.844694746536714,47.347034,8.532917,47.35836,8.630034
603,8591083,8503310:0:3,7.334670239095249,47.36284,8.511672,47.43083,8.558851
604,8591085,8503015:0:1,3.1918090638827055,47.427402,8.546141,47.39304,8.529378
605,8591086,Parent8503009,4.5447764187995405,47.407536,8.5306,47.347443,8.5336
606,8591088,8590833,9.206152797861233,47.413044,8.535854,47.412235,8.4531555
607,8591088,8591221,5.549305504350278,47.413044,8.535854,47.361153,8.571203
608,8591089,8590692,3.3529720864067545,47.347176,8.571589,47.331985,8.543283
609,8591089,8591390,7.105399859033169,47.347176,8.571589,47.369946,8.509651
610,8591090,8576270,5.010838273173733,47.42378,8.505259,47.437508,8.461214
611,8591092,8502222P,10.231727198235566,47.414284,8.537903,47.325905,8.468194
612,8591092,8503200,6.873008704031518,47.414284,8.537903,47.32443,8.5480175
613,8591092,8591047,3.8185283267565207,47.414284,8.537903,47.41088,8.572128
614,8591100,8591437,2.9109256727922297,47.356133,8.532216,47.39259,8.523575
615,8591101,8503052:0:1,3.828694375425714,47.39841,8.533285,47.3648,8.5075035
616,8591101,8503447,2.279113929801993,47.39841,8.533285,47.37103,8.541964
617,8591102,8591210,8.813177717631474,47.360928,8.588702,47.328236,8.512696
618,8591103,8590549,10.844933470750094,47.422253,8.538945,47.394817,8.63458
619,8591104,8503020:0:3,6.42900304039723,47.35802,8.571868,47.385197,8.517125
620,8591104,8503054:0:441,8.531156566734817,47.35802,8.571868,47.364994,8.495377
621,8591106,8591406,4.430810200554265,47.34141,8.530313,47.39616,8.544828
622,8591112,8590512,14.697562529390407,47.407402,8.549257,47.39758,8.417394
623,8591112,8591034,6.233185591500296,47.407402,8.549257,47.351994,8.50771
624,8591112,8591267,2.0217678583712866,47.407402,8.549257,47.416206,8.5321
625,8591113,8576189,5.483699096475321,47.410797,8.56717,47.345715,8.589125
626,8591115,8591044,12.356975852385194,47.360344,8.578839,47.39094,8.469784
627,8591116,8595074,15.62382257331017,47.388885,8.470053,47.42554,8.608196
628,8591118,8576215:0:C,12.259969801558631,47.415703,8.51293,47.329025,8.606085
629,8591118,8590900,10.236285660353257,47.415703,8.51293,47.414577,8.604881
630,8591118,8591347,7.43901010186043,47.415703,8.51293,47.408836,8.579594
631,8591121,8590692,5.968209831674744,47.39627,8.51204,47.331985,8.543283
632,8591121,8591244,3.650845035233414,47.39627,8.51204,47.39354,8.544784
633,8591122,8590543,12.40698453521789,47.40868,8.50771,47.42639,8.618518
634,8591122,8591031,8.168487528340199,47.40868,8.50771,47.458447,8.572919
635,8591124,8576127:0:B,12.198336323946897,47.42546,8.553633,47.383984,8.659553
636,8591130,8576154,14.735230050594494,47.39267,8.470987,47.449085,8.597739
637,8591131,8590550,12.636698845931157,47.39357,8.512121,47.39705,8.625614
638,8591131,8591303,4.723043710682732,47.39357,8.512121,47.375008,8.552644
639,8591133,8503100P,0.9904093833001298,47.35046,8.569479,47.337337,8.569739
640,8591134,8573715,6.036992960748608,47.381557,8.49199,47.30209,8.4859085
641,8591134,8590566,12.068141429006346,47.381557,8.49199,47.396004,8.599958
642,8591136,8590703,13.816016520880439,47.405468,8.481632,47.31314,8.588801
643,8591137,8503055:0:641,10.806677603963541,47.3628,8.562975,47.365925,8.46592
644,8591138,8591121,1.7185109573404131,47.383232,8.499374,47.39627,8.51204
645,8591141,8507183,6.0621562125927335,47.382877,8.474536,47.36424,8.52751
646,8591142,8503010:0,5.593310665981488,47.35097,8.5802765,47.364098,8.530824
647,8591142,8573205:0:A,7.690176674169504,47.35097,8.5802765,47.45016,8.563747
648,8591142,8576159,8.779918327426957,47.35097,8.5802765,47.442944,8.628767
649,8591142,8583870:0,15.95587554581226,47.35097,8.5802765,47.357174,8.437004
650,8591142,8591180,1.84066584436952,47.35097,8.5802765,47.360424,8.565032
651,8591145,8595081,12.465871569300203,47.37593,8.510891,47.42301,8.618248
652,8591147,8503101P,4.029364392862538,47.361343,8.602824,47.319157,8.580636
653,8591149,8591065P,10.120902309469741,47.36429,8.5079975,47.397274,8.596131
654,8591152,8503088:0,3.300977911382471,47.404236,8.562615,47.377426,8.539169
655,8591155,8574684,4.176899793594593,47.414444,8.480437,47.36926,8.458725
656,8591158,8573715,8.201167024344588,47.41073,8.485953,47.30209,8.4859085
657,8591161,8503016:0,5.5965282413198025,47.41366,8.518688,47.450386,8.5624
658,8591164,8590586,8.16304707085411,47.386204,8.550156,47.396515,8.623153
659,8591167,8576127:0:B,18.980978856776957,47.39523,8.489214,47.383984,8.659553
660,8591168,8591345,6.903305626122555,47.39571,8.54014,47.384666,8.478579
661,8591172,8590673,6.84332488055303,47.414406,8.555528,47.324383,8.54808
662,8591173,8590849,13.631759305801518,47.380295,8.548377,47.38226,8.425928
663,8591177,8591432,9.384873628099884,47.382343,8.514528,47.355213,8.596806
664,8591177,Parent8502221,8.772456242625092,47.382343,8.514528,47.35743,8.437552
665,8591180,8590587,7.994598388075282,47.360424,8.565032,47.393055,8.633367
666,8591181,8591188,0.45539008781354134,47.404716,8.5763235,47.40753,8.572703
667,8591182,8503006:0:6,5.615010514191522,47.356644,8.51001,47.41153,8.544137
668,8591183,8591211,3.9024857570062608,47.37007,8.543293,47.38463,8.576935
669,8591183,8591825,10.632361526372634,47.37007,8.543293,47.36113,8.638613
670,8591191,8590792,11.423393618195242,47.419876,8.538657,47.39456,8.43748
671,8591192,8503088:0:22,1.7269383036074186,47.380104,8.554576,47.377426,8.539169
672,8591193,8590464:0:C,7.012346353029677,47.400272,8.543509,47.311783,8.524311
673,8591194,8573726:0,14.838236771861556,47.40325,8.591164,47.326298,8.468499
674,8591195,Parent8503512,10.34934364270173,47.36758,8.5109625,47.39888,8.420439
675,8591196,8590597,10.312654603241821,47.373363,8.561556,47.34043,8.651468
676,8591197,8503512:0,7.7692655273760165,47.40135,8.4902115,47.39888,8.420439
677,8591200,8591384,6.036896453093519,47.4238,8.496616,47.36787,8.535423
678,8591202,8590881,4.7962339139107835,47.369473,8.554405,47.41395,8.585235
679,8591202,8591126,7.361034890041335,47.369473,8.554405,47.375717,8.488415
680,8591206,8591081,5.3860436942610335,47.416885,8.522865,47.347034,8.532917
681,8591207,8590580,8.568082313574303,47.431496,8.543751,47.396168,8.61691
682,8591209,8590677,4.317353804815523,47.35927,8.50771,47.332108,8.541846
683,8591210,8591444,6.873181810209489,47.328236,8.512696,47.37873,8.564107
684,8591211,8590802,14.460743313028676,47.38463,8.576935,47.40562,8.447811
685,8591215,8579434,4.573723783882895,47.39831,8.473179,47.337715,8.474545
686,8591215,8591200,3.2392038979042743,47.39831,8.473179,47.4238,8.496616
687,8591216,8591223,5.317759530431564,47.348003,8.52821,47.402966,8.498242
688,8591216,8591903,7.551065911371864,47.348003,8.52821,47.34835,8.596042
689,8591218,8590569,8.460615705256675,47.374424,8.5213375,47.38949,8.596653
690,8591220,8590801,13.932584870619587,47.37272,8.550524,47.39618,8.426377
691,8591224,8503096,9.077896710555951,47.43002,8.540903,47.312275,8.524258
692,8591224,8591087,4.880696884018163,47.43002,8.540903,47.375736,8.564798
693,8591225,8503096:0:2,8.85165074929805,47.415203,8.562373,47.312275,8.524258
694,8591229,8590741,4.212267689668313,47.388885,8.546338,47.425037,8.57521
695,8591231,8503057:0:1,8.633822232504423,47.37003,8.564152,47.352074,8.487553
696,8591231,8591362,2.1261465282573426,47.37003,8.564152,47.385914,8.548368
697,8591234,8591114,5.720740025116365,47.429043,8.537112,47.378822,8.575641
698,8591235,8591045,2.1400185037615973,47.405365,8.528246,47.39891,8.509525
699,8591236,8574610,6.82599160426372,47.377804,8.507873,47.375675,8.446571
700,8591236,8591032,6.8507250796799495,47.377804,8.507873,47.44412,8.550013
701,8591236,Parent8503000,3.600069903653806,47.377804,8.507873,47.378178,8.540212
702,8591237,8576264,7.922652432334878,47.38796,8.5391245,47.427753,8.473242
703,8591237,8591420,2.336184162701167,47.38796,8.5391245,47.403717,8.557199
704,8591238,8503089,7.195706081219722,47.384193,8.561034,47.29654,8.535648
705,8591238,8591442,1.187652814981553,47.384193,8.561034,47.38157,8.571554
706,8591240,8503655,5.840649671545338,47.395912,8.532181,47.338684,8.56752
707,8591240,8595709,4.271698457129433,47.395912,8.532181,47.452393,8.528461
708,8591241,8583870:0:D,10.832986601368821,47.350983,8.534228,47.357174,8.437004
709,8591241,8591386,3.534290245093391,47.350983,8.534228,47.393578,8.547515
710,8591242,8590632,3.7800186542994667,47.392494,8.549761,47.422733,8.576862
711,8591242,8593529,11.39053931222507,47.392494,8.549761,47.409046,8.448053
712,8591246,8503051:0:410,3.1529935537655738,47.394993,8.53634,47.362766,8.518292
713,8591246,8591325,4.563613170487983,47.394993,8.53634,47.402954,8.57698
714,8591249,8580912,3.343254865127741,47.411633,8.509875,47.368904,8.501844
715,8591251,8583613,8.404207261476538,47.39057,8.532738,47.36274,8.459633
716,8591253,8591437,2.736242058357047,47.387775,8.499212,47.39259,8.523575
717,8591256,8503010:0:1,4.441031764198783,47.414642,8.551306,47.364098,8.530824
718,8591258,8503000:0:4,6.065723456956264,47.387817,8.486115,47.378178,8.540212
719,8591260,8591211,11.650627255398337,47.389427,8.472326,47.38463,8.576935
720,8591262,8590474,4.864178405743197,47.375896,8.537417,47.31308,8.527644
721,8591270,8591440,5.922295207583266,47.33035,8.515373,47.35185,8.566541
722,8591270,8591903,9.082072327110556,47.33035,8.515373,47.34835,8.596042
723,8591271,8503509:0:5,15.99398387506718,47.39864,8.590921,47.399178,8.447245
724,8591272,8590791,9.071919729406714,47.414047,8.541334,47.397606,8.460603
725,8591273,8591181,2.957618547081112,47.41096,8.550093,47.404716,8.5763235
726,8591273,8591207,1.6999794726814799,47.41096,8.550093,47.431496,8.543751
727,8591285,Parent8503020,2.192862385480452,47.411846,8.52503,47.385197,8.517125
728,8591287,8503004:0,2.3148840544903706,47.372776,8.547353,47.350124,8.561385
729,8591291,8503000:0:14,0.8883077091811241,47.38833,8.53616,47.378178,8.540212
730,8591291,8591122,3.518601078511053,47.38833,8.53616,47.40868,8.50771
731,8591292,8591339,1.248196933954825,47.392258,8.533439,47.38779,8.544236
732,8591297,8590622,0.9384707912515083,47.41672,8.566164,47.42855,8.563514
733,8591298,8591327,0.8495471738459957,47.38519,8.542413,47.373947,8.542933
734,8591300,8591831,2.068869957309389,47.356907,8.590562,47.382008,8.598081
735,8591302,8591053,2.284828848965034,47.39966,8.5177,47.405895,8.5377865
736,8591302,8591214,3.6996404215988834,47.39966,8.5177,47.36924,8.491622
737,8591305,8503000:0:12,5.423835764068785,47.400223,8.586592,47.378178,8.540212
738,8591305,8503100P,5.101540942065063,47.400223,8.586592,47.337337,8.569739
739,8591307,8576280,7.735178169510534,47.40198,8.53519,47.438217,8.47017
740,8591307,8590589,9.451793123624148,47.40198,8.53519,47.39689,8.620027
741,8591310,8591402,2.45972668716746,47.386173,8.474105,47.397923,8.49472
742,8591314,8530473,2.258791622660172,47.408825,8.539277,47.38733,8.553417
743,8591314,8591387,4.102228552981873,47.408825,8.539277,47.354927,8.534301
744,8591315,8590632,5.443224949662533,47.35103,8.58298,47.422733,8.576862
745,8591316,8573213:0,6.482489637057546,47.373066,8.53846,47.44478,8.570691
746,8591316,8587974,8.08940725962966,47.373066,8.53846,47.30279,8.59332
747,8591317,8503675,4.809599325263258,47.363388,8.535037,47.309772,8.558385
748,8591317,8591268,2.577991441146458,47.363388,8.535037,47.336967,8.5203495
749,8591318,8557033,8.303941483923055,47.41448,8.558187,47.459267,8.490014
750,8591319,8573205:0:J,3.0129830728265476,47.4108,8.558834,47.45016,8.563747
751,8591320,8503052:0:1,4.609039398356849,47.409927,8.479575,47.3648,8.5075035
752,8591320,8573242,7.39408656374663,47.409927,8.479575,47.449844,8.540265
753,8591320,8590913,5.131464209048339,47.409927,8.479575,47.419556,8.433941
754,8591322,8590837,11.307598664693035,47.381935,8.529261,47.392025,8.427913
755,8591323,8574658,8.412365235419221,47.39433,8.525461,47.372116,8.451404
756,8591324,8574610,10.501732171565124,47.38866,8.540499,47.375675,8.446571
757,8591329,8503001:0:7,4.320941132640398,47.35786,8.520404,47.391483,8.488963
758,8591329,8595899,4.285877204745053,47.35786,8.520404,47.414745,8.5196495
759,8591335,8503055:0:1,8.33171974123347,47.39163,8.538712,47.365925,8.46592
760,8591335,8573718:0:A,11.425550592552161,47.39163,8.538712,47.35694,8.438801
761,8591339,8591165,6.028267043817313,47.38779,8.544236,47.386967,8.490086
762,8591340,Parent8503526,12.653035735457566,47.36259,8.574141,47.436565,8.472083
763,8591341,8503447,2.5279334355673058,47.37015,8.519263,47.37103,8.541964
764,8591341,8591345,4.659201007463606,47.37015,8.519263,47.384666,8.478579
765,8591342,8591156,3.4364464047551886,47.426132,8.536348,47.3873,8.552527
766,8591342,8591420,2.870502221249334,47.426132,8.536348,47.403717,8.557199
767,8591351,8589106,18.944477643749206,47.364773,8.502698,47.385178,8.6723175
768,8591351,8591289,5.561142872823047,47.364773,8.502698,47.416702,8.538208
769,8591353,8591438,9.48150974424722,47.39973,8.504621,47.35918,8.585244
770,8591357,8573213P,8.755438750282451,47.338913,8.5381365,47.44478,8.570691
771,8591358,8576127:0:E,18.960738859446224,47.407444,8.489968,47.383984,8.659553
772,8591361,8590604,16.625122214683373,47.391922,8.483726,47.374966,8.63263
773,8591362,8591171,0.3365656652607636,47.385914,8.548368,47.386795,8.551332
774,8591364,8591046,7.8308779025591635,47.363228,8.557621,47.424984,8.501027
775,8591364,8591355,4.388550620803038,47.363228,8.557621,47.419865,8.548368
776,8591365,8595717,3.506663833238718,47.35797,8.522264,47.31295,8.530051
777,8591367,8591406,1.919724234401311,47.376095,8.534202,47.39616,8.544828
778,8591372,8503000:0:8,5.801812237257666,47.387726,8.488496,47.378178,8.540212
779,8591373,8503087:0:2,3.0682408018290404,47.382843,8.543688,47.357796,8.521967
780,8591373,8573716,8.917299168565307,47.382843,8.543688,47.298775,8.487417
781,8591374,8503006P,4.517149194644907,47.391624,8.50586,47.41153,8.544137
782,8591374,8503099,7.005869828380141,47.391624,8.50586,47.30329,8.525165
783,8591374,8591276,4.02494500729035,47.391624,8.50586,47.39779,8.541775
784,8591375,8579994,8.96930427929994,47.367493,8.552258,47.33501,8.474751
785,8591375,8590743,5.489597597519689,47.367493,8.552258,47.434498,8.571689
786,8591377,8583613,10.89522792102832,47.386253,8.556202,47.36274,8.459633
787,8591377,8591384,2.6965609454691175,47.386253,8.556202,47.36787,8.535423
788,8591378,8503010:0,2.490972096783707,47.33504,8.54147,47.364098,8.530824
789,8591378,8503102:0,5.993270416909131,47.33504,8.54147,47.305794,8.591523
790,8591379,8591357,3.1642500453407822,47.380295,8.542781,47.338913,8.5381365
791,8591382,8591245,5.0510124080613386,47.410072,8.54623,47.35873,8.517089
792,8591382,Parent8503129,5.0909972887864985,47.410072,8.54623,47.412724,8.591928
793,8591383,8591261,7.842703046251748,47.41662,8.535486,47.359863,8.594523
794,8591384,8503000:0:7,0.9423221695993294,47.36787,8.535423,47.378178,8.540212
795,8591384,8591049,5.252092850952124,47.36787,8.535423,47.41709,8.568841
796,8591384,8591833,10.233561770807762,47.36787,8.535423,47.413166,8.448754
797,8591385,8503001:0:3,3.8131956774745377,47.35315,8.511322,47.391483,8.488963
798,8591389,8503200:0:1,4.649684138976235,47.378536,8.568006,47.32443,8.5480175
799,8591393,8591832,7.893298729981051,47.4019,8.5518,47.362698,8.617547
800,8591394,8590699,6.305702177107153,47.37097,8.564951,47.45126,8.581103
801,8591394,8590806,9.716613606889329,47.37097,8.564951,47.3805,8.651998
802,8591394,8594732,13.265557385869899,47.37097,8.564951,47.413494,8.449311
803,8591394,8595711,7.200817155198732,47.37097,8.564951,47.44682,8.525542
804,8591396,Parent8503512,18.468446169604878,47.383083,8.585999,47.39888,8.420439
805,8591397,8576187,3.796294016248842,47.37909,8.559345,47.342976,8.583097
806,8591400,8576222,2.907066828784119,47.353912,8.601072,47.31581,8.597237
807,8591401,Parent8590464,5.10282786476596,47.365967,8.496895,47.311783,8.524311
808,8591404,8503006:0:6,3.6551621813547372,47.366142,8.532531,47.41153,8.544137
809,8591404,8576219,7.729011861552704,47.366142,8.532531,47.31384,8.592224
810,8591410,8590697,10.076186905302512,47.340824,8.52538,47.44606,8.581309
811,8591411,8591315,4.5013358090816356,47.38354,8.549069,47.35103,8.58298
812,8591412,8591123,0.7008035173228927,47.37687,8.554522,47.37729,8.548233
813,8591414,8590890,9.46891171574823,47.361664,8.526504,47.410122,8.604989
814,8591416,8503015:0:1,1.818923194928044,47.398975,8.51354,47.39304,8.529378
815,8591418,8590554,10.597080453727578,47.423862,8.523045,47.397,8.6164875
816,8591424,8576249,13.121700966779017,47.35832,8.584059,47.442223,8.480743
817,8591424,8591064,5.8683996925110495,47.35832,8.584059,47.37067,8.53201
818,8591424,Parent8503051,7.328817328383382,47.35832,8.584059,47.362766,8.518292
819,8591427,8576208,7.0842446012500275,47.372326,8.526845,47.326286,8.582307
820,8591427,8590574,13.344844940632445,47.372326,8.526845,47.39491,8.645745
821,8591427,8591297,5.5081947734331855,47.372326,8.526845,47.41672,8.566164
822,8591429,8591078,2.1034397290076554,47.360157,8.568625,47.380913,8.555995
823,8591429,8591079,4.908984119306349,47.360157,8.568625,47.37417,8.52556
824,8591430,8591100,1.4616050199966673,47.336777,8.53289,47.356133,8.532216
825,8591432,8503003P,5.447270887594002,47.355213,8.596806,47.36661,8.548485
826,8591432,8591382,6.9841263121113695,47.355213,8.596806,47.410072,8.54623
827,8591435,8590847,7.3067541403152365,47.403767,8.486376,47.38126,8.422532
828,8591439,8574780,6.917177973319246,47.33844,8.530159,47.358368,8.469505
829,8591439,8591371,6.472529908097357,47.33844,8.530159,47.40511,8.49349
830,8591441,Parent8503051,2.3241050298688095,47.35882,8.497586,47.362766,8.518292
831,8591442,8591440,2.3098548341844163,47.38157,8.571554,47.35185,8.566541
832,8591446,8576278,4.623798039259527,47.402187,8.496805,47.444492,8.466694
833,8591824,8503308:0:3,9.732095074204812,47.362965,8.518319,47.44861,8.583807
834,8591825,Parent8503003,10.04150295722854,47.36113,8.638613,47.36661,8.548485
835,8591826,8590787,20.172193807970416,47.357094,8.627968,47.401093,8.449222
836,8591828,8591290,12.91045625433907,47.35139,8.641003,47.40354,8.530528
837,8591832,8503016:0:3,9.014359236240008,47.362698,8.617547,47.450386,8.5624
838,8591832,8576196,7.542093441436084,47.362698,8.617547,47.363186,8.549796
839,8591903,8591383,8.478622549046037,47.34835,8.596042,47.41662,8.535486
840,8594187,8596007,16.684898597133145,47.415264,8.593653,47.397816,8.444236
841,8594190,8595717,10.640114181755015,47.41364,8.59695,47.31295,8.530051
842,8594249,8503200P,9.567756476342442,47.36196,8.630115,47.32443,8.5480175
843,8594249,8591903,3.929437433220083,47.36196,8.630115,47.34835,8.596042
844,8594252,8503003P,3.2096152418294097,47.32619,8.539439,47.36661,8.548485
845,8594253,8591833,11.790687144276001,47.32921,8.538145,47.413166,8.448754
846,8594261,8503055,15.366542449435617,47.40139,8.601854,47.365925,8.46592
847,8594261,8591328,13.893801004202242,47.40139,8.601854,47.413452,8.477311
848,8594338,8590471,15.070180088612778,47.416103,8.634553,47.32079,8.515589
849,8595074,8503309:0,4.358289248462652,47.42554,8.608196,47.442287,8.570719
850,8595075,8503690,15.486372307729773,47.417225,8.614951,47.32714,8.489951
851,8595077,8590474,12.597430672491349,47.42457,8.611861,47.31308,8.527644
852,8595077,8590766,9.312195260538216,47.42457,8.611861,47.451965,8.530285
853,8595080,8503000:0:17,8.885852575599436,47.42263,8.614142,47.378178,8.540212
854,8595128,8580434,3.667166218128801,47.428318,8.616587,47.45211,8.58784
855,8595128,Parent8503101,9.158509168787855,47.428318,8.616587,47.319157,8.580636
856,8595710,8579495,10.69986073248681,47.44826,8.535909,47.344315,8.470502
857,8595710,8590754,7.705111610291291,47.44826,8.535909,47.434494,8.467322
858,8595710,8591227,5.708932838183647,47.44826,8.535909,47.374508,8.524266
859,8595711,8503099:0:1,10.83482510578425,47.44682,8.525542,47.30329,8.525165
860,8595713,8590477,9.344588368266285,47.448837,8.527132,47.325138,8.531148
861,8595717,8503128:0:3,12.293876910847802,47.31295,8.530051,47.40008,8.623423
862,8596005,8579453,16.663187356052905,47.360893,8.623476,47.341667,8.474356
863,8596005,8590844,22.35625639517849,47.360893,8.623476,47.377804,8.422973
864,8596007,8503311:0,10.72598140688382,47.397816,8.444236,47.454067,8.532764
865,8596007,8591236,7.242873526866667,47.397816,8.444236,47.377804,8.507873
866,8596007,8591397,12.8913826569979,47.397816,8.444236,47.37909,8.559345
867,8596008,8580912,3.647725852683341,47.394146,8.473889,47.368904,8.501844
868,8596008,8591118,4.639473627934801,47.394146,8.473889,47.415703,8.51293
869,8596113,8590754,15.060048559196506,47.399006,8.600462,47.434494,8.467322
870,8596113,8591163,12.692814244755226,47.399006,8.600462,47.37189,8.487929
871,8596126,8588737,8.20556542922449,47.381065,8.537301,47.45487,8.59155
872,8596126,8594186,7.1211260127379745,47.381065,8.537301,47.41546,8.596887
873,Parent8502221,8587976,18.178834615205247,47.35743,8.437552,47.30763,8.597326
874,Parent8502222,8591419,8.12155212731517,47.325905,8.468194,47.399166,8.521707
875,Parent8502229,8591438,17.32204703313501,47.38097,8.430339,47.35918,8.585244
876,Parent8503000,8503500,0.6961046364829232,47.378178,8.540212,47.376858,8.546401
877,Parent8503001,8503000:0:12,5.792497690091704,47.391483,8.488963,47.378178,8.540212
878,Parent8503003,8503000:0:8,1.2682788204603275,47.36661,8.548485,47.378178,8.540212
879,Parent8503006,8591218,3.7770790114086408,47.41153,8.544137,47.374424,8.5213375
880,Parent8503011,8591440,5.016405727675016,47.37148,8.523485,47.35185,8.566541
881,Parent8503015,8591170,2.9967483296913584,47.39304,8.529378,47.371735,8.506651
882,Parent8503015,8591182,3.4902330511517117,47.39304,8.529378,47.356644,8.51001
883,Parent8503051,8576220,9.06207914138201,47.362766,8.518292,47.31577,8.593204
884,Parent8503054,8503000:0:41/42,5.088990985042683,47.364994,8.495377,47.378178,8.540212
885,Parent8503057,8591432,12.164286853668667,47.352074,8.487553,47.355213,8.596806
886,Parent8503088,8591062,2.6865614498776287,47.37739,8.539358,47.412407,8.543931
887,Parent8503088,8591147,7.167870711372988,47.37739,8.539358,47.361343,8.602824
888,Parent8503088,8591435,6.223753102523874,47.37739,8.539358,47.403767,8.486376
889,Parent8503091,8503016:0,7.991835336589806,47.362614,8.522012,47.450386,8.5624
890,Parent8503091,8503128P,11.636641805259044,47.362614,8.522012,47.40008,8.623423
891,Parent8503091,8591314,3.9766688794181912,47.362614,8.522012,47.408825,8.539277
892,Parent8503093,8590541,12.341954784618679,47.337933,8.519631,47.416584,8.616892
893,Parent8503094,8576159,14.797362883669898,47.333046,8.518562,47.442944,8.628767
894,Parent8503094,8591330,7.657941194975269,47.333046,8.518562,47.41081,8.562867
895,Parent8503100,8503010,4.778881633894399,47.337337,8.569739,47.364098,8.530824
896,Parent8503102,8590755,18.084271024020357,47.305794,8.591523,47.43984,8.456722
897,Parent8503128,8590882,2.3100381159977004,47.40008,8.623423,47.41262,8.604486
898,Parent8503147,8591162,2.754949286783947,47.397213,8.596141,47.360977,8.599302
899,Parent8503200,8503010,3.550965525263498,47.32443,8.5480175,47.364098,8.530824
900,Parent8503200,8576211,4.660767165359489,47.32443,8.5480175,47.321945,8.589852
901,Parent8503200,8590896,9.410011242989231,47.32443,8.5480175,47.423668,8.599375
902,Parent8503306,8591146,14.000188533075889,47.4202,8.619272,47.358707,8.500605
903,Parent8503308,8503100:0:2,8.539157786988143,47.44861,8.583807,47.337337,8.569739
904,Parent8503308,8580434,0.5205473967637461,47.44861,8.583807,47.45211,8.58784
905,Parent8503310,8591824,6.822295594099627,47.43083,8.558851,47.362965,8.518319
906,Parent8503512,8591186,9.933646468368238,47.39888,8.420439,47.38483,8.509166
907,Parent8573726,8590547,17.53498225978659,47.326298,8.468499,47.38791,8.620395
908,Parent8573726,8590712,21.495864022720305,47.326298,8.468499,47.351902,8.660819
909,Parent8576215,8590725,15.78389716760427,47.329025,8.606085,47.405525,8.474087
910,Parent8576215,8590773,6.105687223325757,47.329025,8.606085,47.31042,8.552707
911,Parent8583870,8591211,15.712905813484175,47.357174,8.437013,47.38463,8.576935
912,Parent8583870,8591259,9.066886306428707,47.357174,8.437013,47.375416,8.51752
913,Parent8587651,8573711,12.429440840017103,47.40921,8.595548,47.367756,8.48748
914,Parent8590464,8576160,15.232537456954017,47.311783,8.524311,47.443584,8.62813
915,Parent8590464,8576198,4.818620125728613,47.311783,8.524311,47.357994,8.554207
916,Parent8590464,8591328,9.275256691865332,47.311783,8.524311,47.413452,8.477311
